{
	"partitions" : [
		{
			"name" : "Top",
			"pins" : [
				{
					"name" : "sec_01[0]",
					"strict" : false
				},
				{
					"name" : "sec_01[1]",
					"strict" : false
				},
				{
					"name" : "sec_01[2]",
					"strict" : false
				},
				{
					"name" : "sec_01[3]",
					"strict" : false
				},
				{
					"name" : "sec_10[0]",
					"strict" : false
				},
				{
					"name" : "sec_10[1]",
					"strict" : false
				},
				{
					"name" : "sec_10[2]",
					"strict" : false
				},
				{
					"name" : "sec_10[3]",
					"strict" : false
				},
				{
					"name" : "min_01[0]",
					"strict" : false
				},
				{
					"name" : "min_01[1]",
					"strict" : false
				},
				{
					"name" : "min_01[2]",
					"strict" : false
				},
				{
					"name" : "min_01[3]",
					"strict" : false
				},
				{
					"name" : "min_10[0]",
					"strict" : false
				},
				{
					"name" : "min_10[1]",
					"strict" : false
				},
				{
					"name" : "min_10[2]",
					"strict" : false
				},
				{
					"name" : "min_10[3]",
					"strict" : false
				},
				{
					"name" : "hour_01[0]",
					"strict" : false
				},
				{
					"name" : "hour_01[1]",
					"strict" : false
				},
				{
					"name" : "hour_01[2]",
					"strict" : false
				},
				{
					"name" : "hour_01[3]",
					"strict" : false
				},
				{
					"name" : "hour_10[0]",
					"strict" : false
				},
				{
					"name" : "hour_10[1]",
					"strict" : false
				},
				{
					"name" : "hour_10[2]",
					"strict" : false
				},
				{
					"name" : "hour_10[3]",
					"strict" : false
				},
				{
					"name" : "clk",
					"strict" : false
				},
				{
					"name" : "min_correct",
					"strict" : false
				},
				{
					"name" : "hour_correct",
					"strict" : false
				}
			]
		}
	]
}