{
	"system" : {
		"platform" : "windows64",
		"os_name" : "Windows 10",
		"os_version" : "10.0"
	},
	"error" : {
		"executable" : "quartus",
		"comment" : "not_applicable",
		"error_message" : "glyph != NULL",
		"source_file" : "/quartus/edt/wedtq/wedtq_select_object.cpp",
		"line" : "95",
		"stack_trace" : "\t0x7ffbcc3d7863: sys_mdb + 0x67863 (??0MDB_IMPORT_DB_DLG@@QEAA@VQString@@PEAVQWidget@@@Z + 0x3)\n\t0x7ffbcc3a8cbe: sys_mdb + 0x38cbe (?setupUi@Ui_MDB_IMPORT_ASSIGNMENT_DLG@@QEAAXPEAVQDialog@@@Z + 0x57e)\n\t 0x6e54c420: QtCore4 + 0x11c420 (?activate@QMetaObject@@SAXPEAVQObject@@PEBU1@HPEAPEAX@Z + 0x520)\n\t 0x6d873b12: QtGui4 + 0x4b3b12 (?emitSelectionChanged@QItemSelectionModel@@IEAAXAEBVQItemSelection@@0@Z + 0x742)\n\t 0x6d87669f: QtGui4 + 0x4b669f (?select@QItemSelectionModel@@UEAAXAEBVQItemSelection@@V?$QFlags@W4SelectionFlag@QItemSelectionModel@@@@@Z + 0x3cf)\n\t 0x6d87686b: QtGui4 + 0x4b686b (?select@QItemSelectionModel@@UEAAXAEBVQModelIndex@@V?$QFlags@W4SelectionFlag@QItemSelectionModel@@@@@Z + 0x5b)\n\t 0x6d877410: QtGui4 + 0x4b7410 (?setCurrentIndex@QItemSelectionModel@@QEAAXAEBVQModelIndex@@V?$QFlags@W4SelectionFlag@QItemSelectionModel@@@@@Z + 0xd0)\n\t 0x6d8326f2: QtGui4 + 0x4726f2 (?setCurrentIndex@QAbstractItemView@@QEAAXAEBVQModelIndex@@@Z + 0xa2)\n\t0x7ffbcc3a97b7: sys_mdb + 0x397b7 (?source_tcl_file@MDB_IMPORT_ASSIGNMENT_DLG@@AEAAXV?$basic_string@DU?$char_traits@D@std@@V?$allocator@D@2@@std@@@Z + 0x2b7)\n\t0x7ffbcc3a9fd8: sys_mdb + 0x39fd8 (?metaObject@MDB_IMPORT_ASSIGNMENT_ADVANCE_DLG@@UEBAPEBUQMetaObject@@XZ + 0x48)\n\t0x7ffbcc3a6c65: sys_mdb + 0x36c65 (?on_init_dialog@MDB_IMPORT_ASSIGNMENT_DLG@@QEAAXXZ + 0x335)\n\t 0x6d420c92: QtGui4 + 0x60c92 (?event@QWidget@@MEAA_NPEAVQEvent@@@Z + 0x5d2)\n\t 0x6d742676: QtGui4 + 0x382676 (?event@QFrame@@MEAA_NPEAVQEvent@@@Z + 0x36)\n\t 0x6d83552c: QtGui4 + 0x47552c (?viewportEvent@QAbstractItemView@@MEAA_NPEAVQEvent@@@Z + 0x4ac)\n\t0x7ffbc8d31656: GCL_AFCQ + 0xc1656 (?viewportEvent@AFCQ_TREE_VIEW@@MEAA_NPEAVQEvent@@@Z + 0x2b6)\n\t 0x6e53f802: QtCore4 + 0x10f802 (?sendThroughObjectEventFilters@QCoreApplicationPrivate@@QEAA_NPEAVQObject@@PEAVQEvent@@@Z + 0x82)\n\t 0x6d3e2e81: QtGui4 + 0x22e81 (?notify_helper@QApplicationPrivate@@QEAA_NPEAVQObject@@PEAVQEvent@@@Z + 0xe1)\n\t 0x6d3e22fd: QtGui4 + 0x222fd (?notify@QApplication@@UEAA_NPEAVQObject@@PEAVQEvent@@@Z + 0xf8d)\n\t 0x6e53d92b: QtCore4 + 0x10d92b (?notifyInternal@QCoreApplication@@AEAA_NPEAVQObject@@PEAVQEvent@@@Z + 0x7b)\n\t 0x6d44c5a3: QtGui4 + 0x8c5a3 (?screenNumber@QDesktopWidget@@QEBAHPEBVQWidget@@@Z + 0xc63)\n\t0x7ffc3bad79a1: ole32 + 0xc79a1 (RevokeActiveObjectExt + 0xe241)\n\t0x7ffc3bad783f: ole32 + 0xc783f (RevokeActiveObjectExt + 0xe0df)\n\t0x7ffc3ba965ef: ole32 + 0x865ef (OleGetPackageClipboardOwner + 0x871f)\n\t0x7ffc3ba95cc9: ole32 + 0x85cc9 (OleGetPackageClipboardOwner + 0x7df9)\n\t0x7ffc3ba99a76: ole32 + 0x89a76 (DoDragDrop + 0x126)\n\t 0x6d44d89d: QtGui4 + 0x8d89d (?answerRect@QDragMoveEvent@@QEBA?AVQRect@@XZ + 0xacd)\n\t 0x6d3f06bf: QtGui4 + 0x306bf (?exec@QDrag@@QEAA?AW4DropAction@Qt@@V?$QFlags@W4DropAction@Qt@@@@W423@@Z + 0x9f)\n\t 0x6d3f0616: QtGui4 + 0x30616 (?exec@QDrag@@QEAA?AW4DropAction@Qt@@V?$QFlags@W4DropAction@Qt@@@@@Z + 0x16)\n\t0x7ffbcc3a8605: sys_mdb + 0x38605 (?sdc_file_on_ok@MDB_IMPORT_ASSIGNMENT_DLG@@QEAAXXZ + 0x565)\n\t 0x6d42076f: QtGui4 + 0x6076f (?event@QWidget@@MEAA_NPEAVQEvent@@@Z + 0xaf)\n\t 0x6d742676: QtGui4 + 0x382676 (?event@QFrame@@MEAA_NPEAVQEvent@@@Z + 0x36)\n\t 0x6d83552c: QtGui4 + 0x47552c (?viewportEvent@QAbstractItemView@@MEAA_NPEAVQEvent@@@Z + 0x4ac)\n\t0x7ffbc8d31656: GCL_AFCQ + 0xc1656 (?viewportEvent@AFCQ_TREE_VIEW@@MEAA_NPEAVQEvent@@@Z + 0x2b6)\n\t 0x6e53f802: QtCore4 + 0x10f802 (?sendThroughObjectEventFilters@QCoreApplicationPrivate@@QEAA_NPEAVQObject@@PEAVQEvent@@@Z + 0x82)\n\t 0x6d3e2e81: QtGui4 + 0x22e81 (?notify_helper@QApplicationPrivate@@QEAA_NPEAVQObject@@PEAVQEvent@@@Z + 0xe1)\n\t 0x6d3e1a8e: QtGui4 + 0x21a8e (?notify@QApplication@@UEAA_NPEAVQObject@@PEAVQEvent@@@Z + 0x71e)\n\t 0x6e53d92b: QtCore4 + 0x10d92b (?notifyInternal@QCoreApplication@@AEAA_NPEAVQObject@@PEAVQEvent@@@Z + 0x7b)\n\t 0x6d3e5cfe: QtGui4 + 0x25cfe (?sendMouseEvent@QApplicationPrivate@@SA_NPEAVQWidget@@PEAVQMouseEvent@@00PEAPEAV2@AEAV?$QPointer@VQWidget@@@@_N@Z + 0x1de)\n\t 0x6d4456f0: QtGui4 + 0x856f0 (?trUtf8@QScrollBar@@SA?AVQString@@PEBD0H@Z + 0x1440)\n\t 0x6d4490b1: QtGui4 + 0x890b1 (?winMouseButtonUp@QApplication@@SAXXZ + 0x2761)\n\t0x7ffc3ae85c0c: USER32 + 0x15c0c (CallWindowProcW + 0x3bc)\n\t0x7ffc3ae85601: USER32 + 0x15601 (DispatchMessageW + 0x1f1)\n\t 0x6e562802: QtCore4 + 0x132802 (?processEvents@QEventDispatcherWin32@@UEAA_NV?$QFlags@W4ProcessEventsFlag@QEventLoop@@@@@Z + 0x3e2)\n\t 0x6d440eb4: QtGui4 + 0x80eb4 (?openPopup@QApplicationPrivate@@QEAAXPEAVQWidget@@@Z + 0x204)\n\t 0x6e53a88b: QtCore4 + 0x10a88b (?exec@QEventLoop@@QEAAHV?$QFlags@W4ProcessEventsFlag@QEventLoop@@@@@Z + 0x22b)\n\t 0x6e53ce6f: QtCore4 + 0x10ce6f (?exec@QCoreApplication@@SAHXZ + 0xdf)\n\t0x7ff64f5f197b: quartus + 0x197b (?qgq_main@@YAHHPEAPEBD@Z + 0x7b)\n\t0x7ffc12832e98: CCL_MSG + 0x12e98 (?msg_main_thread@@YAPEAXPEAX@Z + 0x18)\n\t0x7ffc1283467e: CCL_MSG + 0x1467e (?msg_thread_wrapper@@YAPEAXP6APEAXPEAX@Z0@Z + 0x6e)\n\t0x7ffc129c6660: ccl_mem + 0x16660 (?mem_thread_wrapper@@YAPEAXP6APEAXPEAX@Z0@Z + 0x70)\n\t0x7ffc12832761: CCL_MSG + 0x12761 (?msg_exe_main@@YAHHPEAPEBDP6AHH0@Z@Z + 0xa1)\n\t0x7ff64f5f24e7: quartus + 0x24e7 (WinMain + 0x127)\n\t0x7ff64f5f1e58: quartus + 0x1e58 (__tmainCRTStartup + 0x148)\n\t0x7ffc3c897bd3: KERNEL32 + 0x17bd3 (BaseThreadInitThunk + 0x13)\n\t0x7ffc3ccece50: ntdll + 0x6ce50 (RtlUserThreadStart + 0x20)\n",
		"subsystem" : "WEDTQ"
	},
	"quartus" : {
		"quartus_bits" : "64",
		"version" : "18.1.0",
		"build" : "625",
		"edition" : "Lite Edition"
	}
}