{
	"partitions" : [
		{
			"name" : "Top",
			"pins" : [
				{
					"name" : "Q_01[0]",
					"strict" : false
				},
				{
					"name" : "Q_01[1]",
					"strict" : false
				},
				{
					"name" : "Q_01[2]",
					"strict" : false
				},
				{
					"name" : "Q_01[3]",
					"strict" : false
				},
				{
					"name" : "Q_10[0]",
					"strict" : false
				},
				{
					"name" : "Q_10[1]",
					"strict" : false
				},
				{
					"name" : "Q_10[2]",
					"strict" : false
				},
				{
					"name" : "Q_10[3]",
					"strict" : false
				},
				{
					"name" : "clk",
					"strict" : false
				},
				{
					"name" : "clr_n",
					"strict" : false
				},
				{
					"name" : "en",
					"strict" : false
				}
			]
		}
	]
}